Workbook

Sheet kriteria
A1: SPK REKOMENDASI BATIK - TOKO APOLO
A4: DAFTAR KRITERIA
A5: C1 | B5: Bahan
A6: C2 | B6: Motif
A7: C3 | B7: Harga
A8: C4 | B8: Warna
A9: C5 | B9: Fungsi
A12: MATRIKS PERBANDINGAN BERPASANGAN
A13: Kriteria | B13: C1 | C13: C2 | D13: C3 | E13: C4 | F13: C5
A14: C1 | B14: 1 | C14: 2 | D14: 3 | E14: 4 | F14: 5
A15: C2 | B15: =1/C14 -> 0.5 | C15: 1 | D15: 2 | E15: 3 | F15: 4
A16: C3 | B16: =1/D14 -> 0.33333333 | C16: =1/D15 -> 0.5 | D16: 1 | E16: 2 | F16: 3
A17: C4 | B17: =1/E14 -> 0.25 | C17: =1/E15 -> 0.33333333 | D17: =1/E16 -> 0.5 | E17: 1 | F17: 2
A18: C5 | B18: =1/F14 -> 0.2 | C18: =1/F15 -> 0.25 | D18: =1/F16 -> 0.33333333 | E18: =1/F17 -> 0.5 | F18: 1
A19: Total | B19: =SUM(B14:B18) -> 2.2833333 | C19: =SUM(C14:C18) -> 4.0833333 | D19: =SUM(D14:D18) -> 6.8333333 | E19: =SUM(E14:E18) -> 10.5 | F19: =SUM(F14:F18) -> 15
A21: MATRIKS NORMALISASI
A22: Kriteria | B22: C1 | C22: C2 | D22: C3 | E22: C4 | F22: C5 | G22: Jumlah | H22: Bobot Prioritas
A23: C1 | B23: =B14/B19 -> 0.4379562 | C23: =C14/C19 -> 0.48979592 | D23: =D14/D19 -> 0.43902439 | E23: =E14/E19 -> 0.38095238 | F23: =F14/F19 -> 0.33333333 | G23: =SUM(B23:F23) -> 2.0810622 | H23: =G23/5 -> 0.41621245
A24: C2 | B24: =B15/B19 -> 0.2189781 | C24: =C15/C19 -> 0.24489796 | D24: =D15/D19 -> 0.29268293 | E24: =E15/E19 -> 0.28571429 | F24: =F15/F19 -> 0.26666667 | G24: =SUM(B24:F24) -> 1.3089399 | H24: =G24/5 -> 0.26178799
A25: C3 | B25: =B16/B19 -> 0.1459854 | C25: =C16/C19 -> 0.12244898 | D25: =D16/D19 -> 0.14634146 | E25: =E16/E19 -> 0.19047619 | F25: =F16/F19 -> 0.2 | G25: =SUM(B25:F25) -> 0.80525203 | H25: =G25/5 -> 0.16105041
A26: C4 | B26: =B17/B19 -> 0.10948905 | C26: =C17/C19 -> 0.081632653 | D26: =D17/D19 -> 0.073170732 | E26: =E17/E19 -> 0.095238095 | F26: =F17/F19 -> 0.13333333 | G26: =SUM(B26:F26) -> 0.49286386 | H26: =G26/5 -> 0.098572773
A27: C5 | B27: =B18/B19 -> 0.087591241 | C27: =C18/C19 -> 0.06122449 | D27: =D18/D19 -> 0.048780488 | E27: =E18/E19 -> 0.047619048 | F27: =F18/F19 -> 0.066666667 | G27: =SUM(B27:F27) -> 0.31188193 | H27: =G27/5 -> 0.062376387
A28: Total | B28: =SUM(B23:B27) -> 1 | C28: =SUM(C23:C27) -> 1 | D28: =SUM(D23:D27) -> 1 | E28: =SUM(E23:E27) -> 1 | F28: =SUM(F23:F27) -> 1 | G28: =SUM(G23:G27) -> 5 | H28: =SUM(H23:H27) -> 1
A30: PERHITUNGAN KONSISTENSI
A31: Lambda Max (λ max) | B31: =(B19*H23)+(C19*H24)+(D19*H25)+(E19*H26)+(F19*H27) -> 5.0904904
A32: n (Jumlah Kriteria) | B32: 5
A33: CI = (λmax-n)/(n-1) | B33: =(B31-B32)/(B32-1) -> 0.022622599
A34: RI (n=5) | B34: 1.12
A35: CR = CI/RI | B35: =B33/B34 -> 0.020198749
A36: Keterangan | B36: =IF(B35<=0.1,"KONSISTEN ✓","TIDAK KONSISTEN ✗") -> KONSISTEN ✓

Sheet sub kriteria bahan
E1: SUB KRITERIA BAHAN
A2: DAFTAR SUB KRITERIA
A3: C1 | B3: Sutra
A4: C2 | B4: Katun Primissima
A5: C3 | B5: Katun Biasa
A6: C4 | B6: Rayon
A7: C5 | B7: Polyester
A10: MATRIKS PERBANDINGAN BERPASANGAN
A11: Kriteria | B11: C1 | C11: C2 | D11: C3 | E11: C4 | F11: C5
A12: C1 | B12: 1 | C12: 3 | D12: 5 | E12: 7 | F12: 9
A13: C2 | B13: =1/C12 -> 0.33333333 | C13: 1 | D13: 3 | E13: 5 | F13: 6
A14: C3 | B14: =1/D12 -> 0.2 | C14: =1/D13 -> 0.33333333 | D14: 1 | E14: 2 | F14: 4
A15: C4 | B15: =1/E12 -> 0.14285714 | C15: =1/E13 -> 0.2 | D15: =1/E14 -> 0.5 | E15: 1 | F15: 3
A16: C5 | B16: =1/F12 -> 0.11111111 | C16: =1/F13 -> 0.16666667 | D16: =1/F14 -> 0.25 | E16: =1/F15 -> 0.33333333 | F16: 1
A17: Total | B17: =SUM(B12:B16) -> 1.7873016 | C17: =SUM(C12:C16) -> 4.7 | D17: =SUM(D12:D16) -> 9.75 | E17: =SUM(E12:E16) -> 15.333333 | F17: =SUM(F12:F16) -> 23
A19: MATRIKS NORMALISASI
A20: Kriteria | B20: C1 | C20: C2 | D20: C3 | E20: C4 | F20: C5 | G20: Jumlah | H20: Bobot Prioritas
A21: C1 | B21: =B12/B17 -> 0.55950266 | C21: =C12/C17 -> 0.63829787 | D21: =D12/D17 -> 0.51282051 | E21: =E12/E17 -> 0.45652174 | F21: =F12/F17 -> 0.39130435 | G21: =SUM(B21:F21) -> 2.5584471 | H21: =G21/5 -> 0.51168943
A22: C2 | B22: =B13/B17 -> 0.18650089 | C22: =C13/C17 -> 0.21276596 | D22: =D13/D17 -> 0.30769231 | E22: =E13/E17 -> 0.32608696 | F22: =F13/F17 -> 0.26086957 | G22: =SUM(B22:F22) -> 1.2939157 | H22: =G22/5 -> 0.25878313
A23: C3 | B23: =B14/B17 -> 0.11190053 | C23: =C14/C17 -> 0.070921986 | D23: =D14/D17 -> 0.1025641 | E23: =E14/E17 -> 0.13043478 | F23: =F14/F17 -> 0.17391304 | G23: =SUM(B23:F23) -> 0.58973445 | H23: =G23/5 -> 0.11794689
A24: C4 | B24: =B15/B17 -> 0.079928952 | C24: =C15/C17 -> 0.042553191 | D24: =D15/D17 -> 0.051282051 | E24: =E15/E17 -> 0.065217391 | F24: =F15/F17 -> 0.13043478 | G24: =SUM(B24:F24) -> 0.36941637 | H24: =G24/5 -> 0.073883274
A25: C5 | B25: =B16/B17 -> 0.062166963 | C25: =C16/C17 -> 0.035460993 | D25: =D16/D17 -> 0.025641026 | E25: =E16/E17 -> 0.02173913 | F25: =F16/F17 -> 0.043478261 | G25: =SUM(B25:F25) -> 0.18848637 | H25: =G25/5 -> 0.037697275
A26: Total | B26: =SUM(B21:B25) -> 1 | C26: =SUM(C21:C25) -> 1 | D26: =SUM(D21:D25) -> 1 | E26: =SUM(E21:E25) -> 1 | F26: =SUM(F21:F25) -> 1 | G26: =SUM(G21:G25) -> 5 | H26: =SUM(H21:H25) -> 1
A28: PERHITUNGAN KONSISTENSI
A29: Lambda Max (λ max) | B29: =(B17*H21)+(C17*H22)+(D17*H23)+(E17*H24)+(F17*H25) -> 5.2807204
A30: n (Jumlah Kriteria) | B30: 5
A31: CI = (λmax-n)/(n-1) | B31: =(B29-B30)/(B30-1) -> 0.070180103
A32: RI (n=5) | B32: 1.12
A33: CR = CI/RI | B33: =B31/B32 -> 0.062660806
A34: Keterangan | B34: =IF(B33<=0.1,"KONSISTEN ✓","TIDAK KONSISTEN ✗") -> KONSISTEN ✓

Sheet sub kriteria motif
E1: SUB KRITERIA MOTIF
A2: DAFTAR SUB KRITERIA
A3: C1 | B3: Tradisional Asli
A4: C2 | B4: Tradisional Modern
A5: C3 | B5: Kombinasi
A6: C4 | B6: Modern/Kontemporer
A7: C5 | B7: Polos/Minimalis
A10: MATRIKS PERBANDINGAN BERPASANGAN
A11: Kriteria | B11: C1 | C11: C2 | D11: C3 | E11: C4 | F11: C5
A12: C1 | B12: 1 | C12: 3 | D12: 5 | E12: 7 | F12: 9
A13: C2 | B13: =1/C12 -> 0.33333333 | C13: 1 | D13: 3 | E13: 5 | F13: 7
A14: C3 | B14: =1/D12 -> 0.2 | C14: =1/D13 -> 0.33333333 | D14: 1 | E14: 3 | F14: 5
A15: C4 | B15: =1/E12 -> 0.14285714 | C15: =1/E13 -> 0.2 | D15: =1/E14 -> 0.33333333 | E15: 1 | F15: 3
A16: C5 | B16: =1/F12 -> 0.11111111 | C16: =1/F13 -> 0.14285714 | D16: =1/F14 -> 0.2 | E16: =1/F15 -> 0.33333333 | F16: 1
A17: Total | B17: =SUM(B12:B16) -> 1.7873016 | C17: =SUM(C12:C16) -> 4.6761905 | D17: =SUM(D12:D16) -> 9.5333333 | E17: =SUM(E12:E16) -> 16.333333 | F17: =SUM(F12:F16) -> 25
A19: MATRIKS NORMALISASI
A20: Kriteria | B20: C1 | C20: C2 | D20: C3 | E20: C4 | F20: C5 | G20: Jumlah | H20: Bobot Prioritas
A21: C1 | B21: =B12/B17 -> 0.55950266 | C21: =C12/C17 -> 0.64154786 | D21: =D12/D17 -> 0.52447552 | E21: =E12/E17 -> 0.42857143 | F21: =F12/F17 -> 0.36 | G21: =SUM(B21:F21) -> 2.5140975 | H21: =G21/5 -> 0.5028195
A22: C2 | B22: =B13/B17 -> 0.18650089 | C22: =C13/C17 -> 0.21384929 | D22: =D13/D17 -> 0.31468531 | E22: =E13/E17 -> 0.30612245 | F22: =F13/F17 -> 0.28 | G22: =SUM(B22:F22) -> 1.3011579 | H22: =G22/5 -> 0.26023159
A23: C3 | B23: =B14/B17 -> 0.11190053 | C23: =C14/C17 -> 0.071283096 | D23: =D14/D17 -> 0.1048951 | E23: =E14/E17 -> 0.18367347 | F23: =F14/F17 -> 0.2 | G23: =SUM(B23:F23) -> 0.6717522 | H23: =G23/5 -> 0.13435044
A24: C4 | B24: =B15/B17 -> 0.079928952 | C24: =C15/C17 -> 0.042769857 | D24: =D15/D17 -> 0.034965035 | E24: =E15/E17 -> 0.06122449 | F24: =F15/F17 -> 0.12 | G24: =SUM(B24:F24) -> 0.33888833 | H24: =G24/5 -> 0.067777667
A25: C5 | B25: =B16/B17 -> 0.062166963 | C25: =C16/C17 -> 0.030549898 | D25: =D16/D17 -> 0.020979021 | E25: =E16/E17 -> 0.020408163 | F25: =F16/F17 -> 0.04 | G25: =SUM(B25:F25) -> 0.17410405 | H25: =G25/5 -> 0.034820809
A26: Total | B26: =SUM(B21:B25) -> 1 | C26: =SUM(C21:C25) -> 1 | D26: =SUM(D21:D25) -> 1 | E26: =SUM(E21:E25) -> 1 | F26: =SUM(F21:F25) -> 1 | G26: =SUM(G21:G25) -> 5 | H26: =SUM(H21:H25) -> 1
A28: PERHITUNGAN KONSISTENSI
A29: Lambda Max (λ max) | B29: =(B17*H21)+(C17*H22)+(D17*H23)+(E17*H24)+(F17*H25) -> 5.3739455
A30: n (Jumlah Kriteria) | B30: 5
A31: CI = (λmax-n)/(n-1) | B31: =(B29-B30)/(B30-1) -> 0.093486385
A32: RI (n=5) | B32: 1.12
A33: CR = CI/RI | B33: =B31/B32 -> 0.083469987
A34: Keterangan | B34: =IF(B33<=0.1,"KONSISTEN ✓","TIDAK KONSISTEN ✗") -> KONSISTEN ✓

Sheet sub kriteria harga
F1: SUB KRITERIA HARGA
A2: DAFTAR SUB KRITERIA
A3: C1 | B3: < Rp 150.000
A4: C2 | B4: Rp 150.000 – 250.000
A5: C3 | B5: Rp 250.000 – 400.000
A6: C4 | B6: Rp 400.000 – 700.000
A7: C5 | B7: > Rp 700.000
A10: MATRIKS PERBANDINGAN BERPASANGAN
A11: Kriteria | B11: C1 | C11: C2 | D11: C3 | E11: C4 | F11: C5
A12: C1 | B12: 1 | C12: 3 | D12: 5 | E12: 7 | F12: 9
A13: C2 | B13: =1/C12 -> 0.33333333 | C13: 1 | D13: 2 | E13: 5 | F13: 7
A14: C3 | B14: =1/D12 -> 0.2 | C14: =1/D13 -> 0.5 | D14: 1 | E14: 3 | F14: 5
A15: C4 | B15: =1/E12 -> 0.14285714 | C15: =1/E13 -> 0.2 | D15: =1/E14 -> 0.33333333 | E15: 1 | F15: 3
A16: C5 | B16: =1/F12 -> 0.11111111 | C16: =1/F13 -> 0.14285714 | D16: =1/F14 -> 0.2 | E16: =1/F15 -> 0.33333333 | F16: 1
A17: Total | B17: =SUM(B12:B16) -> 1.7873016 | C17: =SUM(C12:C16) -> 4.8428571 | D17: =SUM(D12:D16) -> 8.5333333 | E17: =SUM(E12:E16) -> 16.333333 | F17: =SUM(F12:F16) -> 25
A19: MATRIKS NORMALISASI
A20: Kriteria | B20: C1 | C20: C2 | D20: C3 | E20: C4 | F20: C5 | G20: Jumlah | H20: Bobot Prioritas
A21: C1 | B21: =B12/B17 -> 0.55950266 | C21: =C12/C17 -> 0.61946903 | D21: =D12/D17 -> 0.5859375 | E21: =E12/E17 -> 0.42857143 | F21: =F12/F17 -> 0.36 | G21: =SUM(B21:F21) -> 2.5534806 | H21: =G21/5 -> 0.51069612
A22: C2 | B22: =B13/B17 -> 0.18650089 | C22: =C13/C17 -> 0.20648968 | D22: =D13/D17 -> 0.234375 | E22: =E13/E17 -> 0.30612245 | F22: =F13/F17 -> 0.28 | G22: =SUM(B22:F22) -> 1.213488 | H22: =G22/5 -> 0.2426976
A23: C3 | B23: =B14/B17 -> 0.11190053 | C23: =C14/C17 -> 0.10324484 | D23: =D14/D17 -> 0.1171875 | E23: =E14/E17 -> 0.18367347 | F23: =F14/F17 -> 0.2 | G23: =SUM(B23:F23) -> 0.71600634 | H23: =G23/5 -> 0.14320127
A24: C4 | B24: =B15/B17 -> 0.079928952 | C24: =C15/C17 -> 0.041297935 | D24: =D15/D17 -> 0.0390625 | E24: =E15/E17 -> 0.06122449 | F24: =F15/F17 -> 0.12 | G24: =SUM(B24:F24) -> 0.34151388 | H24: =G24/5 -> 0.068302775
A25: C5 | B25: =B16/B17 -> 0.062166963 | C25: =C16/C17 -> 0.029498525 | D25: =D16/D17 -> 0.0234375 | E25: =E16/E17 -> 0.020408163 | F25: =F16/F17 -> 0.04 | G25: =SUM(B25:F25) -> 0.17551115 | H25: =G25/5 -> 0.03510223
A26: Total | B26: =SUM(B21:B25) -> 1 | C26: =SUM(C21:C25) -> 1 | D26: =SUM(D21:D25) -> 1 | E26: =SUM(E21:E25) -> 1 | F26: =SUM(F21:F25) -> 1 | G26: =SUM(G21:G25) -> 5 | H26: =SUM(H21:H25) -> 1
A28: PERHITUNGAN KONSISTENSI
A29: Lambda Max (λ max) | B29: =(B17*H21)+(C17*H22)+(D17*H23)+(E17*H24)+(F17*H25) -> 5.3032697
A30: n (Jumlah Kriteria) | B30: 5
A31: CI = (λmax-n)/(n-1) | B31: =(B29-B30)/(B30-1) -> 0.075817429
A32: RI (n=5) | B32: 1.12
A33: CR = CI/RI | B33: =B31/B32 -> 0.067694133
A34: Keterangan | B34: =IF(B33<=0.1,"KONSISTEN ✓","TIDAK KONSISTEN ✗") -> KONSISTEN ✓

Sheet sub kriteria warna
E1: SUB KRITERIA WARNA
A2: DAFTAR SUB KRITERIA
A3: C1 | B3: Alami / Natural
A4: C2 | B4: Netral Elegan
A5: C3 | B5: Cerah Seimbang
A6: C4 | B6: Cerah Mencolok
A7: C5 | B7: Tidak Harmonis
A10: MATRIKS PERBANDINGAN BERPASANGAN
A11: Kriteria | B11: C1 | C11: C2 | D11: C3 | E11: C4 | F11: C5
A12: C1 | B12: 1 | C12: 3 | D12: 5 | E12: 7 | F12: 9
A13: C2 | B13: =1/C12 -> 0.33333333 | C13: 1 | D13: 2 | E13: 4 | F13: 7
A14: C3 | B14: =1/D12 -> 0.2 | C14: =1/D13 -> 0.5 | D14: 1 | E14: 3 | F14: 5
A15: C4 | B15: =1/E12 -> 0.14285714 | C15: =1/E13 -> 0.25 | D15: =1/E14 -> 0.33333333 | E15: 1 | F15: 3
A16: C5 | B16: =1/F12 -> 0.11111111 | C16: =1/F13 -> 0.14285714 | D16: =1/F14 -> 0.2 | E16: =1/F15 -> 0.33333333 | F16: 1
A17: Total | B17: =SUM(B12:B16) -> 1.7873016 | C17: =SUM(C12:C16) -> 4.8928571 | D17: =SUM(D12:D16) -> 8.5333333 | E17: =SUM(E12:E16) -> 15.333333 | F17: =SUM(F12:F16) -> 25
A19: MATRIKS NORMALISASI
A20: Kriteria | B20: C1 | C20: C2 | D20: C3 | E20: C4 | F20: C5 | G20: Jumlah | H20: Bobot Prioritas
A21: C1 | B21: =B12/B17 -> 0.55950266 | C21: =C12/C17 -> 0.61313869 | D21: =D12/D17 -> 0.5859375 | E21: =E12/E17 -> 0.45652174 | F21: =F12/F17 -> 0.36 | G21: =SUM(B21:F21) -> 2.5751006 | H21: =G21/5 -> 0.51502012
A22: C2 | B22: =B13/B17 -> 0.18650089 | C22: =C13/C17 -> 0.20437956 | D22: =D13/D17 -> 0.234375 | E22: =E13/E17 -> 0.26086957 | F22: =F13/F17 -> 0.28 | G22: =SUM(B22:F22) -> 1.166125 | H22: =G22/5 -> 0.233225
A23: C3 | B23: =B14/B17 -> 0.11190053 | C23: =C14/C17 -> 0.10218978 | D23: =D14/D17 -> 0.1171875 | E23: =E14/E17 -> 0.19565217 | F23: =F14/F17 -> 0.2 | G23: =SUM(B23:F23) -> 0.72692999 | H23: =G23/5 -> 0.145386
A24: C4 | B24: =B15/B17 -> 0.079928952 | C24: =C15/C17 -> 0.051094891 | D24: =D15/D17 -> 0.0390625 | E24: =E15/E17 -> 0.065217391 | F24: =F15/F17 -> 0.12 | G24: =SUM(B24:F24) -> 0.35530373 | H24: =G24/5 -> 0.071060747
A25: C5 | B25: =B16/B17 -> 0.062166963 | C25: =C16/C17 -> 0.02919708 | D25: =D16/D17 -> 0.0234375 | E25: =E16/E17 -> 0.02173913 | F25: =F16/F17 -> 0.04 | G25: =SUM(B25:F25) -> 0.17654067 | H25: =G25/5 -> 0.035308135
A26: Total | B26: =SUM(B21:B25) -> 1 | C26: =SUM(C21:C25) -> 1 | D26: =SUM(D21:D25) -> 1 | E26: =SUM(E21:E25) -> 1 | F26: =SUM(F21:F25) -> 1 | G26: =SUM(G21:G25) -> 5 | H26: =SUM(H21:H25) -> 1
A28: PERHITUNGAN KONSISTENSI
A29: Lambda Max (λ max) | B29: =(B17*H21)+(C17*H22)+(D17*H23)+(E17*H24)+(F17*H25) -> 5.2745616
A30: n (Jumlah Kriteria) | B30: 5
A31: CI = (λmax-n)/(n-1) | B31: =(B29-B30)/(B30-1) -> 0.06864039
A32: RI (n=5) | B32: 1.12
A33: CR = CI/RI | B33: =B31/B32 -> 0.061286062
A34: Keterangan | B34: =IF(B33<=0.1,"KONSISTEN ✓","TIDAK KONSISTEN ✗") -> KONSISTEN ✓

Sheet sub kriteria fungsi
A1: nlk | G1: SUB KRITERIA FUNGSI
A2: DAFTAR SUB KRITERIA
A3: C1 | B3: Multi-fungsi
A4: C2 | B4: Dua Fungsi
A5: C3 | B5: Formal
A6: C4 | B6: Casual
A7: C5 | B7: Seremonial
A10: MATRIKS PERBANDINGAN BERPASANGAN
A11: Kriteria | B11: C1 | C11: C2 | D11: C3 | E11: C4 | F11: C5
A12: C1 | B12: 1 | C12: 3 | D12: 5 | E12: 7 | F12: 9
A13: C2 | B13: =1/C12 -> 0.33333333 | C13: 1 | D13: 3 | E13: 5 | F13: 7
A14: C3 | B14: =1/D12 -> 0.2 | C14: =1/D13 -> 0.33333333 | D14: 1 | E14: 1 | F14: 5
A15: C4 | B15: =1/E12 -> 0.14285714 | C15: =1/E13 -> 0.2 | D15: =1/E14 -> 1 | E15: 1 | F15: 3
A16: C5 | B16: =1/F12 -> 0.11111111 | C16: =1/F13 -> 0.14285714 | D16: =1/F14 -> 0.2 | E16: =1/F15 -> 0.33333333 | F16: 1
A17: Total | B17: =SUM(B12:B16) -> 1.7873016 | C17: =SUM(C12:C16) -> 4.6761905 | D17: =SUM(D12:D16) -> 10.2 | E17: =SUM(E12:E16) -> 14.333333 | F17: =SUM(F12:F16) -> 25
A19: MATRIKS NORMALISASI
A20: Kriteria | B20: C1 | C20: C2 | D20: C3 | E20: C4 | F20: C5 | G20: Jumlah | H20: Bobot Prioritas
A21: C1 | B21: =B12/B17 -> 0.55950266 | C21: =C12/C17 -> 0.64154786 | D21: =D12/D17 -> 0.49019608 | E21: =E12/E17 -> 0.48837209 | F21: =F12/F17 -> 0.36 | G21: =SUM(B21:F21) -> 2.5396187 | H21: =G21/5 -> 0.50792374
A22: C2 | B22: =B13/B17 -> 0.18650089 | C22: =C13/C17 -> 0.21384929 | D22: =D13/D17 -> 0.29411765 | E22: =E13/E17 -> 0.34883721 | F22: =F13/F17 -> 0.28 | G22: =SUM(B22:F22) -> 1.323305 | H22: =G22/5 -> 0.26466101
A23: C3 | B23: =B14/B17 -> 0.11190053 | C23: =C14/C17 -> 0.071283096 | D23: =D14/D17 -> 0.098039216 | E23: =E14/E17 -> 0.069767442 | F23: =F14/F17 -> 0.2 | G23: =SUM(B23:F23) -> 0.55099029 | H23: =G23/5 -> 0.11019806
A24: C4 | B24: =B15/B17 -> 0.079928952 | C24: =C15/C17 -> 0.042769857 | D24: =D15/D17 -> 0.098039216 | E24: =E15/E17 -> 0.069767442 | F24: =F15/F17 -> 0.12 | G24: =SUM(B24:F24) -> 0.41050547 | H24: =G24/5 -> 0.082101093
A25: C5 | B25: =B16/B17 -> 0.062166963 | C25: =C16/C17 -> 0.030549898 | D25: =D16/D17 -> 0.019607843 | E25: =E16/E17 -> 0.023255814 | F25: =F16/F17 -> 0.04 | G25: =SUM(B25:F25) -> 0.17558052 | H25: =G25/5 -> 0.035116104
A26: Total | B26: =SUM(B21:B25) -> 1 | C26: =SUM(C21:C25) -> 1 | D26: =SUM(D21:D25) -> 1 | E26: =SUM(E21:E25) -> 1 | F26: =SUM(F21:F25) -> 1 | G26: =SUM(G21:G25) -> 5 | H26: =SUM(H21:H25) -> 1
A28: PERHITUNGAN KONSISTENSI
A29: Lambda Max (λ max) | B29: =(B17*H21)+(C17*H22)+(D17*H23)+(E17*H24)+(F17*H25) -> 5.3241233
A30: n (Jumlah Kriteria) | B30: 5
A31: CI = (λmax-n)/(n-1) | B31: =(B29-B30)/(B30-1) -> 0.081030824
A32: RI (n=5) | B32: 1.12
A33: CR = CI/RI | B33: =B31/B32 -> 0.07234895
A34: Keterangan | B34: =IF(B33<=0.1,"KONSISTEN ✓","TIDAK KONSISTEN ✗") -> KONSISTEN ✓

Sheet data produk
A1: DATA PRODUK BATIK - TOKO APOLO
A2: No | B2: Kode | C2: Nama Produk | D2: C1 Bahan | E2: C2 Motif | F2: C3 Harga (Rp) | G2: C4 Warna | H2: C5 FUNGSI | I2: Skor C1 | J2: Skor C2 | K2: Skor C3 | L2: Skor C4 | M2: Skor C5
A3: 1 | B3: B001 | C3: Batik Parang Sutra | D3: Sutra | E3: Tradisional Asli | F3: Rp 850,000 | G3: Alami/Natural | H3: Multi-fungsi | I3: 0.5117 | J3: 0.5028 | K3: 0.0351 | L3: 0.515 | M3: 0.5079
A4: 2 | B4: B002 | C4: Batik Cap Katun | D4: Katun Primissima | E4: Tradisional Modern | F4: Rp 200,000 | G4: Netral Elegan | H4: Formal | I4: 0.2588 | J4: 0.2602 | K4: 0.2427 | L4: 0.2332 | M4: 0.1102
A5: 3 | B5: B003 | C5: Batik Modern Rayon | D5: Rayon | E5: Modern/Kontemporer | F5: Rp 120,000 | G5: Cerah Mencolok | H5: Casual | I5: 0.0739 | J5: 0.0678 | K5: 0.5107 | L5: 0.0711 | M5: 0.0821
A6: 4 | B6: B004 | C6: Batik Kombinasi Katun | D6: Katun Biasa | E6: Kombinasi | F6: Rp 320,000 | G6: Cerah Seimbang | H6: Dua Fungsi | I6: 0.1179 | J6: 0.1344 | K6: 0.1432 | L6: 0.1454 | M6: 0.2647
A7: 5 | B7: B005 | C7: Batik Kawung Sutra | D7: Sutra | E7: Tradisional Asli | F7: Rp 950,000 | G7: Netral Elegan | H7: Formal | I7: 0.5117 | J7: 0.5028 | K7: 0.0351 | L7: 0.2332 | M7: 0.1102
A8: 6 | B8: B006 | C8: Batik Pekalongan | D8: Katun Sutra | E8: Modern/Kontemporer | F8: Rp 500,000 | G8: Cerah Mencolok | H8: Casual | I8: 0.5117 | J8: 0.0678 | K8: 0.0683 | L8: 0.0711 | M8: 0.0821
A9: 7 | B9: B007 | C9: Batik Solo | D9: Sutra | E9: Kombinasi | F9: Rp 600,000 | G9: Alami/Natural | H9: Formal | I9: 0.5117 | J9: 0.1344 | K9: 0.0683 | L9: 0.515 | M9: 0.1102
A10: 8 | B10: B008 | C10: Batik Yogyakarta | D10: Katun Biasa | E10: Tradisional Asli | F10: Rp 750,000 | G10: Netral Elegan | H10: Seremonial | I10: 0.1179 | J10: 0.5028 | K10: 0.0351 | L10: 0.2332 | M10: 0.0351
A11: 9 | B11: B009 | C11: Batik Cirebon | D11: Katun Biasa | E11: Modern/Kontemporer | F11: Rp 450,000 | G11: Cerah Mencolok | H11: Casual | I11: 0.1179 | J11: 0.0678 | K11: 0.0683 | L11: 0.0711 | M11: 0.0821
A12: 10 | B12: B010 | C12: Batik Sumenep | D12: Katun Biasa | E12: Tradisional Asli | F12: Rp 100,000 | G12: Netral Elegan | H12: Formal | I12: 0.1179 | J12: 0.5028 | K12: 0.5107 | L12: 0.2332 | M12: 0.1102
A13: 11 | B13: B011 | C13: Batik Madura | D13: Katun Biasa | E13: Modern/Kontemporer | F13: Rp 500,000 | G13: Cerah Mencolok | H13: Seremonial | I13: 0.1179 | J13: 0.0678 | K13: 0.0683 | L13: 0.0711 | M13: 0.0351
A14: 12 | B14: B012 | C14: Batik Bali | D14: Rayon | E14: Modern/Kontemporer | F14: Rp 300,000 | G14: Cerah Mencolok | H14: Casual | I14: 0.0739 | J14: 0.0678 | K14: 0.1432 | L14: 0.0711 | M14: 0.0821
... A18: 16 | B18: B016 | C18: Batik Tanjung Bumi | D18: Katun Biasa | E18: Tradisional Asli | F18: Rp 200,000 | G18: Cerah Mencolok | H18: Formal | I18: 0.1179 | J18: 0.5028 | K18: 0.2427 | L18: 0.0711 | M18: 0.1102

Sheet PREFERENSI USER
A1: FORM PREFERENSI & REKOMENDASI BATIK - TOKO APOLO
A4: PREFERENSI PENGGUNA
A5: No | B5: Kriteria | C5: Pilihan | D5: Keterangan Pilihan | E5: Nilai Skala
A6: 1 | B6: C1 - Bahan | C6: Katun Primissima | D6: =IF(C6="Sutra","Kualitas premium, halus, mewah",IF(C6="Katun Primissima","Kualitas tinggi, nyaman",IF(C6="Katun Biasa","Kualitas standar",IF(C6="Rayon","Kualitas ekonomi",IF(C6="Polyester","Kualitas rendah",""))))) -> Kualitas tinggi, nyaman | E6: 0.2588
A7: 2 | B7: C2 - Motif | C7: Kombinasi | D7: =IF(C7="Tradisional Asli","Parang, Kawung, Mega Mendung",IF(C7="Tradisional Modern","Motif klasik sentuhan kekinian",IF(C7="Kombinasi","Perpaduan tradisional & modern",IF(C7="Modern/Kontemporer","Motif kekinian",IF(C7="Polos/Minimalis","Hampir tidak bermotif",""))))) -> Perpaduan tradisional & modern | E7: 0.1403
A8: 3 | B8: C3 - Harga | C8: < Rp 150.000 | D8: =IF(C8="< Rp 150.000","Sangat terjangkau",IF(C8="Rp 150.000-250.000","Terjangkau",IF(C8="Rp 250.000-400.000","Menengah",IF(C8="Rp 400.000-700.000","Mahal",IF(C8="> Rp 700.000","Premium",""))))) -> Sangat terjangkau | E8: 0.5128
A9: 4 | B9: C4 - Warna | C9: Cerah Seimbang | D9: =IF(C9="Alami/Natural","Pewarna alam, coklat, indigo",IF(C9="Netral Elegan","Hitam, putih, krem, abu",IF(C9="Cerah Seimbang","Kombinasi warna harmonis",IF(C9="Cerah Mencolok","Warna sangat terang",IF(C9="Tidak Harmonis","Kombinasi kurang sesuai",""))))) -> Kombinasi warna harmonis | E9: 0.1454
A10: 5 | B10: C5 - Fungsi | C10: Casual | D10: =IF(C10="Multi-fungsi","Cocok formal, casual, seremonial",IF(C10="Dua Fungsi","Cocok 2 kesempatan",IF(C10="Formal","Cocok kerja/acara resmi",IF(C10="Casual","Cocok sehari-hari",IF(C10="Seremonial","Hanya acara adat",""))))) -> Cocok sehari-hari | E10: 0.1029
A13: ⚖️ BOBOT AHP (otomatis dari Sheet 1 - tidak perlu diubah)
A14: BOBOT AHP | B14: C1 Bahan | C14: C2 Motif | D14: C3 Harga | E14: C4 Warna | F14: C5 Fungsi
A15: Bobot | B15: =kriteria!H23 -> 0.41621245 | C15: =kriteria!H24 -> 0.26178799 | D15: =kriteria!H25 -> 0.16105041 | E15: =kriteria!H26 -> 0.098572773 | F15: =kriteria!H27 -> 0.062376387
A16: 📐 SELISIH MAKSIMUM
A17: Selisih Maks (SM) | B17: =($B$15*(MAX('sub kriteria bahan'!H21:H25)-MIN('sub kriteria bahan'!H21:H25)))+($C$15*(MAX('sub kriteria motif'!H21:H25)-MIN('sub kriteria motif'!H21:H25)))+($D$15*(MAX('sub kriteria harga'!H21:H25)-MIN('sub kriteria harga'!H21:H25)))+($E$15*(MAX('sub kriteria warna'!H21:H25)-MIN('sub kriteria warna'!H21:H25)))+($F$15*(MAX('sub kriteria fungsi'!H21:H25)-MIN('sub kriteria fungsi'!H21:H25))) -> 0.47317103 | C17: ← Digunakan sebagai pembagi formula % Cocok (otomatis update jika bobot AHP berubah)
A21: Rumus: Skor = Σ (Bobot AHP × |Nilai Produk - Nilai Preferensi User|) → Skor terkecil = paling cocok
A22: No | B22: Kode | C22: Nama Produk | D22: Selisih C1 (Bobot×|P-U|) | E22: Selisih C2 (Bobot×|P-U|) | F22: Selisih C3 (Bobot×|P-U|) | G22: Selisih C4 (Bobot×|P-U|) | H22: Selisih C5 (Bobot×|P-U|) | I22: TOTAL SELISIH | J22: % COCOK | K22: RANKING
A23: 1 | B23: ='data produk'!B3 -> B001 | C23: ='data produk'!C3 -> Batik Parang Sutra | D23: =$B$15*ABS('data produk'!I3-$E$6) -> 0.10526013 | E23: =$C$15*ABS('data produk'!J3-$E$7) -> 0.094898146 | F23: =$D$15*ABS('data produk'!K3-$E$8) -> 0.076933779 | G23: =$E$15*ABS('data produk'!L3-$E$9) -> 0.036432497 | H23: =$F$15*ABS('data produk'!M3-$E$10) -> 0.025262437 | I23: =SUM(D23:H23) -> 0.33878699 | J23: =MAX(0,(1-I23/$B$17)*100) -> 28.400734 | K23: =RANK(I23,$I$23:$I$38,1)+COUNTIF($I$23:I23,I23)-1 -> 16
A24: 2 | B24: ='data produk'!B4 -> B002 | C24: ='data produk'!C4 -> Batik Cap Katun | D24: =$B$15*ABS('data produk'!I4-$E$6) -> 0 | E24: =$C$15*ABS('data produk'!J4-$E$7) -> 0.03138838 | F24: =$D$15*ABS('data produk'!K4-$E$8) -> 0.043499715 | G24: =$E$15*ABS('data produk'!L4-$E$9) -> 0.0086546895 | H24: =$F$15*ABS('data produk'!M4-$E$10) -> 0.00045534762 | I24: =SUM(D24:H24) -> 0.083998132 | J24: =MAX(0,(1-I24/$B$17)*100) -> 82.247829 | K24: =RANK(I24,$I$23:$I$38,1)+COUNTIF($I$23:I24,I24)-1 -> 1
A25: 3 | B25: ='data produk'!B5 -> B003 | C25: ='data produk'!C5 -> Batik Modern Rayon | D25: =$B$15*ABS('data produk'!I5-$E$6) -> 0.076957681 | E25: =$C$15*ABS('data produk'!J5-$E$7) -> 0.018979629 | F25: =$D$15*ABS('data produk'!K5-$E$8) -> 0.00033820585 | G25: =$E$15*ABS('data produk'!L5-$E$9) -> 0.007323957 | H25: =$F$15*ABS('data produk'!M5-$E$10) -> 0.0012974288 | I25: =SUM(D25:H25) -> 0.1048969 | J25: =MAX(0,(1-I25/$B$17)*100) -> 77.831081 | K25: =RANK(I25,$I$23:$I$38,1)+COUNTIF($I$23:I25,I25)-1 -> 2
A26: 4 | B26: ='data produk'!B6 -> B004 | C26: ='data produk'!C6 -> Batik Kombinasi Katun | D26: =$B$15*ABS('data produk'!I6-$E$6) -> 0.058644334 | E26: =$C$15*ABS('data produk'!J6-$E$7) -> 0.0015445491 | F26: =$D$15*ABS('data produk'!K6-$E$8) -> 0.05952423 | G26: =$E$15*ABS('data produk'!L6-$E$9) -> 0 | H26: =$F$15*ABS('data produk'!M6-$E$10) -> 0.010092499 | I26: =SUM(D26:H26) -> 0.12980561 | J26: =MAX(0,(1-I26/$B$17)*100) -> 72.566872 | K26: =RANK(I26,$I$23:$I$38,1)+COUNTIF($I$23:I26,I26)-1 -> 3
A27: 5 | B27: ='data produk'!B7 -> B005 | C27: ='data produk'!C7 -> Batik Kawung Sutra | D27: =$B$15*ABS('data produk'!I7-$E$6) -> 0.10526013 | E27: =$C$15*ABS('data produk'!J7-$E$7) -> 0.094898146 | F27: =$D$15*ABS('data produk'!K7-$E$8) -> 0.076933779 | G27: =$E$15*ABS('data produk'!L7-$E$9) -> 0.0086546895 | H27: =$F$15*ABS('data produk'!M7-$E$10) -> 0.00045534762 | I27: =SUM(D27:H27) -> 0.28620209 | J27: =MAX(0,(1-I27/$B$17)*100) -> 39.51403 | K27: =RANK(I27,$I$23:$I$38,1)+COUNTIF($I$23:I27,I27)-1 -> 15
A28: 6 | B28: ='data produk'!B8 -> B006 | C28: ='data produk'!C8 -> Batik Pekalongan | D28: =$B$15*ABS('data produk'!I8-$E$6) -> 0.10526013 | E28: =$C$15*ABS('data produk'!J8-$E$7) -> 0.018979629 | F28: =$D$15*ABS('data produk'!K8-$E$8) -> 0.071586906 | G28: =$E$15*ABS('data produk'!L8-$E$9) -> 0.007323957 | H28: =$F$15*ABS('data produk'!M8-$E$10) -> 0.0012974288 | I28: =SUM(D28:H28) -> 0.20444805 | J28: =MAX(0,(1-I28/$B$17)*100) -> 56.791935 | K28: =RANK(I28,$I$23:$I$38,1)+COUNTIF($I$23:I28,I28)-1 -> 8
A29: 7 | B29: ='data produk'!B9 -> B007 | C29: ='data produk'!C9 -> Batik Solo | D29: =$B$15*ABS('data produk'!I9-$E$6) -> 0.10526013 | E29: =$C$15*ABS('data produk'!J9-$E$7) -> 0.0015445491 | F29: =$D$15*ABS('data produk'!K9-$E$8) -> 0.071586906 | G29: =$E$15*ABS('data produk'!L9-$E$9) -> 0.036432497 | H29: =$F$15*ABS('data produk'!M9-$E$10) -> 0.00045534762 | I29: =SUM(D29:H29) -> 0.21527943 | J29: =MAX(0,(1-I29/$B$17)*100) -> 54.50283 | K29: =RANK(I29,$I$23:$I$38,1)+COUNTIF($I$23:I29,I29)-1 -> 11
A30: 8 | B30: ='data produk'!B10 -> B008 | C30: ='data produk'!C10 -> Batik Yogyakarta | D30: =$B$15*ABS('data produk'!I10-$E$6) -> 0.058644334 | E30: =$C$15*ABS('data produk'!J10-$E$7) -> 0.094898146 | F30: =$D$15*ABS('data produk'!K10-$E$8) -> 0.076933779 | G30: =$E$15*ABS('data produk'!L10-$E$9) -> 0.0086546895 | H30: =$F$15*ABS('data produk'!M10-$E$10) -> 0.004229119 | I30: =SUM(D30:H30) -> 0.24336007 | J30: =MAX(0,(1-I30/$B$17)*100) -> 48.568266 | K30: =RANK(I30,$I$23:$I$38,1)+COUNTIF($I$23:I30,I30)-1 -> 13
A31: 9 | B31: ='data produk'!B11 -> B009 | C31: ='data produk'!C11 -> Batik Cirebon | D31: =$B$15*ABS('data produk'!I11-$E$6) -> 0.058644334 | E31: =$C$15*ABS('data produk'!J11-$E$7) -> 0.018979629 | F31: =$D$15*ABS('data produk'!K11-$E$8) -> 0.071586906 | G31: =$E$15*ABS('data produk'!L11-$E$9) -> 0.007323957 | H31: =$F$15*ABS('data produk'!M11-$E$10) -> 0.0012974288 | I31: =SUM(D31:H31) -> 0.15783225 | J31: =MAX(0,(1-I31/$B$17)*100) -> 66.64372 | K31: =RANK(I31,$I$23:$I$38,1)+COUNTIF($I$23:I31,I31)-1 -> 4
A32: 10 | B32: ='data produk'!B12 -> B010 | C32: ='data produk'!C12 -> Batik Sumenep | D32: =$B$15*ABS('data produk'!I12-$E$6) -> 0.058644334 | E32: =$C$15*ABS('data produk'!J12-$E$7) -> 0.094898146 | F32: =$D$15*ABS('data produk'!K12-$E$8) -> 0.00033820585 | G32: =$E$15*ABS('data produk'!L12-$E$9) -> 0.0086546895 | H32: =$F$15*ABS('data produk'!M12-$E$10) -> 0.00045534762 | I32: =SUM(D32:H32) -> 0.16299072 | J32: =MAX(0,(1-I32/$B$17)*100) -> 65.553529 | K32: =RANK(I32,$I$23:$I$38,1)+COUNTIF($I$23:I32,I32)-1 -> 6
A33: 11 | B33: ='data produk'!B13 -> B011 | C33: ='data produk'!C13 -> Batik Madura | D33: =$B$15*ABS('data produk'!I13-$E$6) -> 0.058644334 | E33: =$C$15*ABS('data produk'!J13-$E$7) -> 0.018979629 | F33: =$D$15*ABS('data produk'!K13-$E$8) -> 0.071586906 | G33: =$E$15*ABS('data produk'!L13-$E$9) -> 0.007323957 | H33: =$F$15*ABS('data produk'!M13-$E$10) -> 0.004229119 | I33: =SUM(D33:H33) -> 0.16076394 | J33: =MAX(0,(1-I33/$B$17)*100) -> 66.024136 | K33: =RANK(I33,$I$23:$I$38,1)+COUNTIF($I$23:I33,I33)-1 -> 5
A34: 12 | B34: ='data produk'!B14 -> B012 | C34: ='data produk'!C14 -> Batik Bali | D34: =$B$15*ABS('data produk'!I14-$E$6) -> 0.076957681 | E34: =$C$15*ABS('data produk'!J14-$E$7) -> 0.018979629 | F34: =$D$15*ABS('data produk'!K14-$E$8) -> 0.05952423 | G34: =$E$15*ABS('data produk'!L14-$E$9) -> 0.007323957 | H34: =$F$15*ABS('data produk'!M14-$E$10) -> 0.0012974288 | I34: =SUM(D34:H34) -> 0.16408293 | J34: =MAX(0,(1-I34/$B$17)*100) -> 65.322702 | K34: =RANK(I34,$I$23:$I$38,1)+COUNTIF($I$23:I34,I34)-1 -> 7
... A38: 16 | B38: ='data produk'!B18 -> B016 | C38: ='data produk'!C18 -> Batik Tanjung Bumi | D38: =$B$15*ABS('data produk'!I18-$E$6) -> 0.058644334 | E38: =$C$15*ABS('data produk'!J18-$E$7) -> 0.094898146 | F38: =$D$15*ABS('data produk'!K18-$E$8) -> 0.043499715 | G38: =$E$15*ABS('data produk'!L18-$E$9) -> 0.007323957 | H38: =$F$15*ABS('data produk'!M18-$E$10) -> 0.00045534762 | I38: =SUM(D38:H38) -> 0.2048215 | J38: =MAX(0,(1-I38/$B$17)*100) -> 56.713009 | K38: =RANK(I38,$I$23:$I$38,1)+COUNTIF($I$23:I38,I38)-1 -> 9
A40: 🏆 STEP 3 — HASIL REKOMENDASI TERBAIK UNTUKMU
A41: 🥇 #1 | B41: =IFERROR(INDEX('data produk'!B3:B18,MATCH(1,K23:K38,0)),"-") -> B002 | C41: =IFERROR(INDEX('data produk'!C3:C18,MATCH(1,K23:K38,0)),"-") -> Batik Cap Katun | D41: =IFERROR(INDEX('data produk'!D3:D18,MATCH(1,K23:K38,0)),"-") -> Katun Primissima | E41: =IFERROR(INDEX('data produk'!E3:E18,MATCH(1,K23:K38,0)),"-") -> Tradisional Modern | F41: =IFERROR(INDEX('data produk'!F3:F18,MATCH(1,K23:K38,0)),"-") -> Rp 200,000 | G41: =IFERROR(INDEX('data produk'!G3:G18,MATCH(1,K23:K38,0)),"-") -> Netral Elegan | H41: =IFERROR(INDEX('data produk'!H3:H18,MATCH(1,K23:K38,0)),"-") -> Formal | I41: =IFERROR(INDEX(J23:J38,MATCH(1,K23:K38,0)),"-") -> 82.247829
A42: 🥈 #2 | B42: =IFERROR(INDEX('data produk'!B3:B18,MATCH(2,K23:K38,0)),"-") -> B003 | C42: =IFERROR(INDEX('data produk'!C3:C18,MATCH(2,K23:K38,0)),"-") -> Batik Modern Rayon | D42: =IFERROR(INDEX('data produk'!D3:D18,MATCH(2,K23:K38,0)),"-") -> Rayon | E42: =IFERROR(INDEX('data produk'!E3:E18,MATCH(2,K23:K38,0)),"-") -> Modern/Kontemporer | F42: =IFERROR(INDEX('data produk'!F3:F18,MATCH(2,K23:K38,0)),"-") -> Rp 120,000 | G42: =IFERROR(INDEX('data produk'!G3:G18,MATCH(2,K23:K38,0)),"-") -> Cerah Mencolok | H42: =IFERROR(INDEX('data produk'!H3:H18,MATCH(2,K23:K38,0)),"-") -> Casual | I42: =IFERROR(INDEX(J23:J38,MATCH(2,K23:K38,0)),"-") -> 77.831081
A43: 🥉 #3 | B43: =IFERROR(INDEX('data produk'!B3:B18,MATCH(3,K23:K38,0)),"-") -> B004 | C43: =IFERROR(INDEX('data produk'!C3:C18,MATCH(3,K23:K38,0)),"-") -> Batik Kombinasi Katun | D43: =IFERROR(INDEX('data produk'!D3:D18,MATCH(3,K23:K38,0)),"-") -> Katun Biasa | E43: =IFERROR(INDEX('data produk'!E3:E18,MATCH(3,K23:K38,0)),"-") -> Kombinasi | F43: =IFERROR(INDEX('data produk'!F3:F18,MATCH(3,K23:K38,0)),"-") -> Rp 320,000 | G43: =IFERROR(INDEX('data produk'!G3:G18,MATCH(3,K23:K38,0)),"-") -> Cerah Seimbang | H43: =IFERROR(INDEX('data produk'!H3:H18,MATCH(3,K23:K38,0)),"-") -> Dua Fungsi | I43: =IFERROR(INDEX(J23:J38,MATCH(3,K23:K38,0)),"-") -> 72.566872
